model,auc,log_loss,ece_10bin,mean_pred,positive_rate,train_fraction
logistic_full_features_train_fraction_0.25,0.9496744129750666,0.2897394880828344,0.12105271616640191,0.1857750415802002,0.15,0.25
logistic_full_features_train_fraction_0.50,0.9492877027354152,0.2906833508538289,0.11866204040125014,0.17563462257385254,0.15,0.5
logistic_full_features_train_fraction_1.00,0.9498099733720649,0.2899875657229374,0.1201292767530928,0.17579075694084167,0.15,1.0
