model,auc,log_loss,ece_10bin,mean_pred,positive_rate
historical_prior,0.9348686758654079,0.2338313802330074,0.010357142857142865,0.15,0.15
metadata_logistic,0.9318500363108206,0.32388564351635674,0.14162369206340772,0.20224110782146454,0.15
deepfm_calibrated,0.9474122488501574,0.35186894432434607,0.12580211859817308,0.14214882254600525,0.15
